# Static files - serve directly
/img/* /img/:splat 200
/js/* /js/:splat 200
/fonts/* /fonts/:splat 200
/style.css /style.css 200
/favicon.ico /favicon.ico 200

# Language root paths
/de /de/index.html 200
/en /en/index.html 200
/th /th/index.html 200

# 404 handling
/de/* /de/404/index.html 404
/en/* /en/404/index.html 404
/th/* /th/404/index.html 404
/* /en/404/index.html 404

# Old URLs redirects
/en/about-search-recovery/ /en/posts/scuba-knowledge/about-search-recovery/ 301
/de/about-search-recovery/ /de/posts/scuba-knowledge/about-search-recovery/ 301
/th/about-search-recovery/ /th/posts/scuba-knowledge/about-search-recovery/ 301
/en/about-underwater-photography/ /en/posts/tips-and-triks/about-underwater-photography/ 301
/de/about-underwater-photography/ /de/posts/tips-and-triks/about-underwater-photography/ 301
/th/about-underwater-photography/ /th/posts/tips-and-triks/about-underwater-photography/ 301
/en/apeks-dst4/ /en/posts/ 301
/de/apeks-dst4/ /de/posts/ 301
/th/apeks-dst4/ /th/posts/ 301
/en/beginner-guide/ /en/posts/koh-chang-diving-travel-guides/beginner-guide/ 301
/de/beginner-guide/ /de/posts/koh-chang-diving-travel-guides/beginner-guide/ 301
/th/beginner-guide/ /th/posts/koh-chang-diving-travel-guides/beginner-guide/ 301
/en/best-dive-computers/ /en/posts/scuba-knowledge/best-dive-computers/ 301
/de/best-dive-computers/ /de/posts/scuba-knowledge/best-dive-computers/ 301
/th/best-dive-computers/ /th/posts/scuba-knowledge/best-dive-computers/ 301
/en/book-in-advance/ /en/posts/straight-talk/book-in-advance/ 301
/de/book-in-advance/ /de/posts/straight-talk/book-in-advance/ 301
/th/book-in-advance/ /th/posts/straight-talk/book-in-advance/ 301
/en/deep-diving/ /en/posts/tips-and-tricks/deep-diving/ 301
/de/deep-diving/ /de/posts/tips-and-tricks/deep-diving/ 301
/th/deep-diving/ /th/posts/tips-and-tricks/deep-diving/ 301
/en/dive-logbook/ /en/posts/scuba-knowledge/dive-logbook/ 301
/de/dive-logbook/ /de/posts/scuba-knowledge/dive-logbook/ 301
/th/dive-logbook/ /th/posts/scuba-knowledge/dive-logbook/ 301
/en/dive-professional-training/ /en/posts/straight-talk/dive-professional-training/ 301
/de/dive-professional-training/ /de/posts/straight-talk/dive-professional-training/ 301
/th/dive-professional-training/ /th/posts/straight-talk/dive-professional-training/ 301
/en/diving-activities/ /en/posts/tips-and-tricks/diving-activities/ 301
/de/diving-activities/ /de/posts/tips-and-tricks/diving-activities/ 301
/th/diving-activities/ /th/posts/tips-and-tricks/diving-activities/ 301
/en/diving-myths/ /en/posts/straight-talk/diving-myths/ 301
/de/diving-myths/ /de/posts/straight-talk/diving-myths/ 301
/th/diving-myths/ /th/posts/straight-talk/diving-myths/ 301
/en/diving-social-media/ /en/posts/straight-talk/diving-social-media/ 301
/de/diving-social-media/ /de/posts/straight-talk/diving-social-media/ 301
/th/diving-social-media/ /th/posts/straight-talk/diving-social-media/ 301
/en/emergency-plan/ /en/posts/straight-talk/emergency-plan/ 301
/de/emergency-plan/ /de/posts/straight-talk/emergency-plan/ 301
/th/emergency-plan/ /th/posts/straight-talk/emergency-plan/ 301
/en/forms/ /en/posts/ 301
/de/forms/ /de/posts/ 301
/th/forms/ /th/posts/ 301
/en/gas-consumption/ /en/posts/scuba-knowledge/gas-consumption/ 301
/de/gas-consumption/ /de/posts/scuba-knowledge/gas-consumption/ 301
/th/gas-consumption/ /th/posts/scuba-knowledge/gas-consumption/ 301
/en/how-to-advanced-course/ /en/posts/diving-how-to-guides-koh-chang/how-to-advanced-course/ 301
/de/how-to-advanced-course/ /de/posts/diving-how-to-guides-koh-chang/how-to-advanced-course/ 301
/th/how-to-advanced-course/ /th/posts/diving-how-to-guides-koh-chang/how-to-advanced-course/ 301
/en/how-to-fun-dives/ /en/posts/diving-how-to-guides-koh-chang/how-to-fun-dives/ 301
/de/how-to-fun-dives/ /de/posts/diving-how-to-guides-koh-chang/how-to-fun-dives/ 301
/th/how-to-fun-dives/ /th/posts/diving-how-to-guides-koh-chang/how-to-fun-dives/ 301
/en/how-to-master-scuba-diver/ /en/posts/diving-how-to-guides-koh-chang/how-to-master-scuba-diver/ 301
/de/how-to-master-scuba-diver/ /de/posts/diving-how-to-guides-koh-chang/how-to-master-scuba-diver/ 301
/th/how-to-master-scuba-diver/ /th/posts/diving-how-to-guides-koh-chang/how-to-master-scuba-diver/ 301
/en/how-to-open-advanced/ /en/posts/diving-how-to-guides-koh-chang/how-to-open-advanced/ 301
/de/how-to-open-advanced/ /de/posts/diving-how-to-guides-koh-chang/how-to-open-advanced/ 301
/th/how-to-open-advanced/ /th/posts/diving-how-to-guides-koh-chang/how-to-open-advanced/ 301
/en/how-to-open-water-course/ /en/posts/diving-how-to-guides-koh-chang/how-to-open-water-course/ 301
/de/how-to-open-water-course/ /de/posts/diving-how-to-guides-koh-chang/how-to-open-water-course/ 301
/th/how-to-open-water-course/ /th/posts/diving-how-to-guides-koh-chang/how-to-open-water-course/ 301
/en/how-to-rescue-diver/ /en/posts/diving-how-to-guides-koh-chang/how-to-rescue-diver/ 301
/de/how-to-rescue-diver/ /de/posts/diving-how-to-guides-koh-chang/how-to-rescue-diver/ 301
/th/how-to-rescue-diver/ /th/posts/diving-how-to-guides-koh-chang/how-to-rescue-diver/ 301
/en/how-to-scuba-review/ /en/posts/diving-how-to-guides-koh-chang/how-to-scuba-review/ 301
/de/how-to-scuba-review/ /de/posts/diving-how-to-guides-koh-chang/how-to-scuba-review/ 301
/th/how-to-scuba-review/ /th/posts/diving-how-to-guides-koh-chang/how-to-scuba-review/ 301
/en/how-to-specialty-courses/ /en/posts/diving-how-to-guides-koh-chang/how-to-specialty-courses/ 301
/de/how-to-specialty-courses/ /de/posts/diving-how-to-guides-koh-chang/how-to-specialty-courses/ 301
/th/how-to-specialty-courses/ /th/posts/diving-how-to-guides-koh-chang/how-to-specialty-courses/ 301
/en/how-to-try-dive/ /en/posts/diving-how-to-guides-koh-chang/how-to-try-dive/ 301
/de/how-to-try-dive/ /de/posts/diving-how-to-guides-koh-chang/how-to-try-dive/ 301
/th/how-to-try-dive/ /th/posts/diving-how-to-guides-koh-chang/how-to-try-dive/ 301
/en/marine-life-barracuda/ /en/posts/marine-life-koh-chang/marine-life-barracuda/ 301
/de/marine-life-barracuda/ /de/posts/marine-life-koh-chang/marine-life-barracuda/ 301
/th/marine-life-barracuda/ /th/posts/marine-life-koh-chang/marine-life-barracuda/ 301
/en/marine-life-batfish/ /en/posts/marine-life-koh-chang/marine-life-batfish/ 301
/de/marine-life-batfish/ /de/posts/marine-life-koh-chang/marine-life-batfish/ 301
/th/marine-life-batfish/ /th/posts/marine-life-koh-chang/marine-life-batfish/ 301
/en/marine-life-blacktip-reef-shark/ /en/posts/marine-life-koh-chang/marine-life-blacktip-reef-shark/ 301
/de/marine-life-blacktip-reef-shark/ /de/posts/marine-life-koh-chang/marine-life-blacktip-reef-shark/ 301
/th/marine-life-blacktip-reef-shark/ /th/posts/marine-life-koh-chang/marine-life-blacktip-reef-shark/ 301
/en/marine-life-green-sea-turtle/ /en/posts/marine-life-koh-chang/marine-life-green-sea-turtle/ 301
/de/marine-life-green-sea-turtle/ /de/posts/marine-life-koh-chang/marine-life-green-sea-turtle/ 301
/th/marine-life-green-sea-turtle/ /th/posts/marine-life-koh-chang/marine-life-green-sea-turtle/ 301
/en/marine-life-nudibranch/ /en/posts/marine-life-koh-chang/marine-life-nudibranch/ 301
/de/marine-life-nudibranch/ /de/posts/marine-life-koh-chang/marine-life-nudibranch/ 301
/th/marine-life-nudibranch/ /th/posts/marine-life-koh-chang/marine-life-nudibranch/ 301
/en/marine-life-titan-triggerfish/ /en/posts/marine-life-koh-chang/marine-life-titan-triggerfish/ 301
/de/marine-life-titan-triggerfish/ /de/posts/marine-life-koh-chang/marine-life-titan-triggerfish/ 301
/th/marine-life-titan-triggerfish/ /th/posts/marine-life-koh-chang/marine-life-titan-triggerfish/ 301
/en/marine-life-whale-shark/ /en/posts/marine-life-koh-chang/marine-life-whale-shark/ 301
/de/marine-life-whale-shark/ /de/posts/marine-life-koh-chang/marine-life-whale-shark/ 301
/th/marine-life-whale-shark/ /th/posts/marine-life-koh-chang/marine-life-whale-shark/ 301
/en/marine-life/ /en/posts/marine-life-koh-chang/marine-life/ 301
/de/marine-life/ /de/posts/marine-life-koh-chang/marine-life/ 301
/th/marine-life/ /th/posts/marine-life-koh-chang/marine-life/ 301
/en/nitrox-info/ /en/posts/scuba-knowledge/nitrox-info/ 301
/de/nitrox-info/ /de/posts/scuba-knowledge/nitrox-info/ 301
/th/nitrox-info/ /th/posts/scuba-knowledge/nitrox-info/ 301
/en/ocean-climate/ /en/posts/straight-talk/ocean-climate/ 301
/de/ocean-climate/ /de/posts/straight-talk/ocean-climate/ 301
/th/ocean-climate/ /th/posts/straight-talk/ocean-climate/ 301
/en/open-water-duration/ /en/posts/tips-and-tricks/open-water-duration/ 301
/de/open-water-duration/ /de/posts/tips-and-tricks/open-water-duration/ 301
/th/open-water-duration/ /th/posts/tips-and-tricks/open-water-duration/ 301
/en/padi-vs-sdi-tdi/ /en/posts/straight-talk/padi-vs-sdi-tdi/ 301
/de/padi-vs-sdi-tdi/ /de/posts/straight-talk/padi-vs-sdi-tdi/ 301
/th/padi-vs-sdi-tdi/ /th/posts/straight-talk/padi-vs-sdi-tdi/ 301
/en/reel-guideline/ /en/posts/tips-and-tricks/reel-guideline/ 301
/de/reel-guideline/ /de/posts/tips-and-tricks/reel-guideline/ 301
/th/reel-guideline/ /th/posts/tips-and-tricks/reel-guideline/ 301
/en/safety-check/ /en/posts/scuba-knowledge/safety-check/ 301
/de/safety-check/ /de/posts/scuba-knowledge/safety-check/ 301
/th/safety-check/ /th/posts/scuba-knowledge/safety-check/ 301
/en/service-technician/ /en/posts/ 301
/de/service-technician/ /de/posts/ 301
/th/service-technician/ /th/posts/ 301
/en/smb-guide/ /en/posts/scuba-knowledge/smb-guide/ 301
/de/smb-guide/ /de/posts/scuba-knowledge/smb-guide/ 301
/th/smb-guide/ /de/posts/scuba-knowledge/smb-guide/ 301
/en/sustainable-diving/ /en/posts/straight-talk/sustainable-diving/ 301
/de/sustainable-diving/ /de/posts/straight-talk/sustainable-diving/ 301
/th/sustainable-diving/ /th/posts/straight-talk/sustainable-diving/ 301
/en/thailand-diving-comparison/ /en/posts/koh-chang-diving-travel-guides/thailand-diving-comparison/ 301
/de/thailand-diving-comparison/ /de/posts/koh-chang-diving-travel-guides/thailand-diving-comparison/ 301
/th/thailand-diving-comparison/ /th/posts/koh-chang-diving-travel-guides/thailand-diving-comparison/ 301
/en/travel-guide/ /en/posts/koh-chang-diving-travel-guides/travel-guide/ 301
/de/travel-guide/ /de/posts/koh-chang-diving-travel-guides/travel-guide/ 301
/th/travel-guide/ /th/posts/koh-chang-diving-travel-guides/travel-guide/ 301
/en/which-course/ /en/posts/tips-and-tricks/which-course/ 301
/de/which-course/ /de/posts/tips-and-tricks/which-course/ 301
/th/which-course/ /th/posts/tips-and-tricks/which-course/ 301
/en/why-advanced/ /en/posts/ 301
/de/why-advanced/ /de/posts/ 301
/th/why-advanced/ /th/posts/ 301
/en/wreck-diving-koh-chang/ /en/posts/scuba-knowledge/wreck-diving-koh-chang/ 301
/de/wreck-diving-koh-chang/ /de/posts/scuba-knowledge/wreck-diving-koh-chang/ 301
/th/wreck-diving-koh-chang/ /th/posts/scuba-knowledge/wreck-diving-koh-chang/ 301